Sat_ID,year,month,day,hour,min,sec,totalsec,bias,freq,frame,x,y,z,vx,vy,vz,ax,ay,az,health,freq_num,age
10,12,01,01,00,45,0.0,2700,-8.0100260675e-05,0.0,0.0,9289.98242188,19789.1464844,13063.6357422,0.490501403809,1.73905277252,-2.98827171326,0.0,0.0,0.0,0.0,-7.0,0.0
