Sat_ID,year,month,day,hour,min,sec,totalsec,bias,freq,frame,x,y,z,vx,vy,vz,ax,ay,az,health,freq_num,age
11,11,12,31,08,15,0.0,29700,-6.86645507813e-05,0.0,0.0,-3310.20507813,13458.6733398,-21388.8500977,-2.46555423737,1.59493732452,1.39194965363,0.0,0.0,0.0,0.0,0.0,0.0
