Sat_ID,year,month,day,hour,min,sec,totalsec,bias,freq,frame,x,y,z,vx,vy,vz,ax,ay,az,health,freq_num,age
12,11,12,31,08,15,0.0,29700,-0.000137329101563,0.0,0.0,14019.6831055,3178.55419922,-21089.8974609,-2.53701496124,1.38743782043,-1.46060180664,0.0,0.0,0.0,0.0,-1.0,0.0
