Sat_ID,year,month,day,hour,min,sec,totalsec,bias,freq,frame,x,y,z,vx,vy,vz,ax,ay,az,health,freq_num,age
13,21,03,03,14,45,0.0,53100,-5.150679498911e-05,0.0,54060.0,-11554.38769531,-21757.14697266,6586.2890625,0.4014863967896,0.8248567581177,3.418231964111,-1.862645149231e-09,9.313225746155e-10,-1.862645149231e-09,0.0,-2.0,0.0
13,21,03,03,15,15,0.0,54900,-5.150772631168e-05,0.0,54900.0,-10251.41259766,-19774.98779297,12404.56347656,1.061466217041,1.337484359741,3.004450798035,0.0,1.862645149231e-09,-1.862645149231e-09,0.0,-2.0,0.0
13,21,03,03,15,45,0.0,56700,-5.150865763426e-05,0.0,56700.0,-7710.848144531,-17099.10351562,17262.22460938,1.75818157196,1.590109825134,2.35780620575,0.0,9.313225746155e-10,-2.793967723846e-09,0.0,-2.0,0.0
13,21,03,03,16,15,0.0,58500,-5.150958895683e-05,0.0,58500.0,-3967.561523438,-14213.74804688,20782.67675781,2.379158973694,1.572345733643,1.528329849243,1.862645149231e-09,9.313225746155e-10,-2.793967723846e-09,0.0,-2.0,0.0
13,21,03,03,16,45,0.0,60300,-5.151052027941e-05,0.0,60300.0,745.3813476562,-11580.83007812,22692.91503906,2.819758415222,1.318943977356,0.5803365707397,2.793967723846e-09,0.0,-1.862645149231e-09,0.0,-2.0,0.0
13,21,03,03,17,15,0.0,62100,-5.151238292456e-05,0.0,62100.0,6026.950683594,-9563.409667969,22844.84375,3.000641822815,0.9033184051514,-0.4126119613647,2.793967723846e-09,-9.313225746155e-10,-1.862645149231e-09,0.0,-2.0,0.0
13,21,03,03,17,45,0.0,63900,-5.151331424713e-05,0.0,63900.0,11366.52001953,-8366.895996094,21226.82226562,2.88112449646,0.4246311187744,-1.373460769653,2.793967723846e-09,-1.862645149231e-09,-9.313225746155e-10,0.0,-2.0,0.0
13,21,03,03,18,15,0.0,65700,-5.151424556971e-05,0.0,65700.0,16220.81689453,-8007.736816406,17964.52929688,2.466174125671,-0.009393692016602,-2.227685928345,1.862645149231e-09,-2.793967723846e-09,-9.313225746155e-10,0.0,-2.0,0.0
13,21,03,03,18,45,0.0,67500,-5.151517689228e-05,0.0,67500.0,20096.79052734,-8314.734375,13311.09960938,1.805895805359,-0.3010301589966,-2.909122467041,1.862645149231e-09,-2.793967723846e-09,0.0,0.0,-2.0,0.0
