Sat_ID,year,month,day,hour,min,sec,totalsec,bias,freq,frame,x,y,z,vx,vy,vz,ax,ay,az,health,freq_num,age
14,11,12,31,08,15,0.0,29700,8.39233398438e-05,0.0,0.0,18290.4711914,-15671.0703125,8535.44384766,0.875664710999,-0.803668022156,-3.34911727905,0.0,0.0,0.0,0.0,-7.0,0.0
