Sat_ID,year,month,day,hour,min,sec,totalsec,bias,freq,frame,x,y,z,vx,vy,vz,ax,ay,az,health,freq_num,age
15,11,12,31,08,15,0.0,29700,7.62939453125e-05,0.0,0.0,871.979492188,-12306.7958984,22356.5805664,2.57363414764,-1.65638065338,-1.00345897675,0.0,0.0,0.0,0.0,0.0,0.0
