Sat_ID,year,month,day,hour,min,sec,totalsec,bias,freq,frame,x,y,z,vx,vy,vz,ax,ay,az,health,freq_num,age
16,11,12,31,08,15,0.0,29700,-2.67028808594e-05,0.0,0.0,-13993.4350586,-3191.49804688,21083.7182617,2.52652359009,-1.39528369904,1.47631263733,0.0,0.0,0.0,0.0,-1.0,0.0
