Sat_ID,year,month,day,hour,min,sec,totalsec,bias,freq,frame,x,y,z,vx,vy,vz,ax,ay,az,health,freq_num,age
17,11,12,31,08,15,0.0,29700,7.62939453125e-06,0.0,0.0,5960.46972656,-20848.5288086,13390.8564453,-0.11301612854,1.84063720703,2.91496562958,0.0,0.0,0.0,0.0,4.0,0.0
