Sat_ID,year,month,day,hour,min,sec,totalsec,bias,freq,frame,x,y,z,vx,vy,vz,ax,ay,az,health,freq_num,age
18,12,01,01,00,45,0.0,2700,-3.42996791005e-05,0.0,0.0,-23585.7167969,-4639.51367188,8713.34716797,-1.17067813873,-0.262387275696,-3.30610466003,0.0,0.0,0.0,0.0,-3.0,0.0
