Sat_ID,year,month,day,hour,min,sec,totalsec,bias,freq,frame,x,y,z,vx,vy,vz,ax,ay,az,health,freq_num,age
19,21,03,03,00,45,0.0,2700,-0.00013417750597,-9.094947017729e-13,2040.0,-13755.36083984,-15042.45703125,15338.10888672,1.766189575195,1.15838432312,2.720812797546,-3.725290298462e-09,-9.313225746155e-10,-9.313225746155e-10,0.0,3.0,0.0
19,21,03,03,01,15,0.0,4500,-0.0001341802999377,-9.094947017729e-13,4500.0,-9923.394042969,-12998.23876953,19579.50439453,2.466155052185,1.070738792419,1.961283683777,-2.793967723846e-09,-9.313225746155e-10,-1.862645149231e-09,0.0,3.0,0.0
19,21,03,03,01,45,0.0,6300,-0.0001341830939054,-9.094947017729e-13,6300.0,-4999.05859375,-11322.44140625,22307.63671875,2.964017868042,0.7599773406982,1.050326347351,-1.862645149231e-09,0.0,-1.862645149231e-09,0.0,3.0,0.0
19,21,03,03,02,15,0.0,8100,-0.0001341849565506,-9.094947017729e-13,8100.0,578.1015625,-10347.13867188,23311.92822266,3.181691169739,0.3086528778076,0.05832672119141,-9.313225746155e-10,0.0,-2.793967723846e-09,0.0,3.0,0.0
19,21,03,03,02,45,0.0,9900,-0.0001341877505183,-9.094947017729e-13,9900.0,6264.197753906,-10232.04980469,22514.92919922,3.082939147949,-0.1770877838135,-0.9381341934204,0.0,0.0,-2.793967723846e-09,0.0,3.0,0.0
19,21,03,03,03,15,0.0,11700,-0.000134190544486,-9.094947017729e-13,11700.0,11492.84814453,-10938.13867188,19978.22753906,2.679362297058,-0.5857696533203,-1.862144470215,1.862645149231e-09,0.0,-2.793967723846e-09,0.0,3.0,0.0
19,21,03,03,03,45,0.0,13500,-0.0001341952010989,-9.094947017729e-13,13500.0,15760.83398438,-12235.35644531,15897.7109375,2.02858543396,-0.8197212219238,-2.64235496521,2.793967723846e-09,0.0,-2.793967723846e-09,0.0,3.0,0.0
19,21,03,03,23,15,0.0,83700,-0.0001342976465821,-9.094947017729e-13,84060.0,-7499.115722656,-19146.60107422,15096.59570312,1.194188117981,1.702351570129,2.753044128418,-1.862645149231e-09,-3.725290298462e-09,0.0,0.0,3.0,0.0
19,21,03,03,23,45,0.0,85500,-0.0001343004405499,-9.094947017729e-13,85500.0,-4724.833496094,-15871.81738281,19404.58056641,1.880886077881,1.887727737427,2.002557754517,-1.862645149231e-09,-2.793967723846e-09,-9.313225746155e-10,0.0,3.0,0.0
