Sat_ID,year,month,day,hour,min,sec,totalsec,bias,freq,frame,x,y,z,vx,vy,vz,ax,ay,az,health,freq_num,age
21,11,12,31,08,15,0.0,29700,-8.01086425781e-05,0.0,0.0,-6128.31591797,20693.3413086,-13670.2636719,0.123267173767,-1.87172222137,-2.87798213959,0.0,0.0,0.0,0.0,4.0,0.0
