Sat_ID,year,month,day,hour,min,sec,totalsec,bias,freq,frame,x,y,z,vx,vy,vz,ax,ay,az,health,freq_num,age
22,11,12,31,08,15,0.0,29700,2.67028808594e-05,0.0,0.0,2039.328125,25282.012207,3366.01074219,0.194668769836,0.455986022949,-3.52802085876,0.0,0.0,0.0,0.0,-3.0,0.0
