Sat_ID,year,month,day,hour,min,sec,totalsec,bias,freq,frame,x,y,z,vx,vy,vz,ax,ay,az,health,freq_num,age
23,11,12,31,08,15,0.0,29700,-0.000347137451172,0.0,0.0,9060.27587891,14845.7446289,18670.1582031,0.15043926239,2.55234718323,-2.10326385498,0.0,0.0,0.0,0.0,3.0,0.0
