Sat_ID,year,month,day,hour,min,sec,totalsec,bias,freq,frame,x,y,z,vx,vy,vz,ax,ay,az,health,freq_num,age
24,11,12,31,08,15,0.0,29700,-5.72204589844e-05,0.0,0.0,10692.1313477,-3812.59326172,22862.7006836,0.0312595367432,3.12544059753,0.507591247559,0.0,0.0,0.0,0.0,2.0,0.0
